<?xml version="1.0" encoding="UTF-8"?>
<project-private xmlns="http://www.netbeans.org/ns/project-private/1">
    <editor-bookmarks xmlns="http://www.netbeans.org/ns/editor-bookmarks/2" lastBookmarkId="0"/>
    <open-files xmlns="http://www.netbeans.org/ns/projectui-open-files/2">
        <group>
            <file>file:/C:/Users/samyak/Documents/git/Electricity-Billing-System/Electricity-Billing-System/src/Electricity/MeterInfo.java</file>
            <file>file:/C:/Users/samyak/Documents/git/Electricity-Billing-System/Electricity-Billing-System/src/icon/hicon1.jpg</file>
            <file>file:/C:/Users/samyak/Documents/git/Electricity-Billing-System/Electricity-Billing-System/src/Electricity/Conn.java</file>
            <file>file:/C:/Users/samyak/Documents/git/Electricity-Billing-System/Electricity-Billing-System/src/Electricity/CustomerDetails.java</file>
            <file>file:/C:/Users/samyak/Documents/git/Electricity-Billing-System/Electricity-Billing-System/src/Electricity/Paytm.java</file>
            <file>file:/C:/Users/samyak/Documents/git/Electricity-Billing-System/Electricity-Billing-System/src/Electricity/BillDetails.java</file>
            <file>file:/C:/Users/samyak/Documents/git/Electricity-Billing-System/Electricity-Billing-System/src/Electricity/NewCustomer.java</file>
            <file>file:/C:/Users/samyak/Documents/git/Electricity-Billing-System/Electricity-Billing-System/src/icon/elect1.jpg</file>
            <file>file:/C:/Users/samyak/Documents/git/Electricity-Billing-System/Electricity-Billing-System/src/icon/bill.png</file>
            <file>file:/C:/Users/samyak/Documents/git/Electricity-Billing-System/Electricity-Billing-System/src/Electricity/Login.java</file>
            <file>file:/C:/Users/samyak/Documents/git/Electricity-Billing-System/Electricity-Billing-System/src/Electricity/Splash.java</file>
            <file>file:/C:/Users/samyak/Documents/git/Electricity-Billing-System/Electricity-Billing-System/src/icon/icon11.png</file>
            <file>file:/C:/Users/samyak/Documents/git/Electricity-Billing-System/Electricity-Billing-System/src/Electricity/CalculateBill.java</file>
            <file>file:/C:/Users/samyak/Documents/git/Electricity-Billing-System/Electricity-Billing-System/src/Electricity/PayBill.java</file>
            <file>file:/C:/Users/samyak/Documents/git/Electricity-Billing-System/Electricity-Billing-System/src/Electricity/About.java</file>
            <file>file:/C:/Users/samyak/Documents/git/Electricity-Billing-System/Electricity-Billing-System/src/Electricity/DepositDetails.java</file>
            <file>file:/C:/Users/samyak/Documents/git/Electricity-Billing-System/Electricity-Billing-System/src/icon/elect2.jpg</file>
            <file>file:/C:/Users/samyak/Documents/git/Electricity-Billing-System/Electricity-Billing-System/src/Electricity/Project.java</file>
            <file>file:/C:/Users/samyak/Documents/git/Electricity-Billing-System/Electricity-Billing-System/src/Electricity/GenerateBill.java</file>
            <file>file:/C:/Users/samyak/Documents/git/Electricity-Billing-System/Electricity-Billing-System/src/Electricity/Signup.java</file>
            <file>file:/C:/Users/samyak/Documents/git/Electricity-Billing-System/Electricity-Billing-System/src/Electricity/ViewInformation.java</file>
        </group>
    </open-files>
</project-private>
